As of date,As of time,Number of confirmed cases,Number of ruled out cases,Number of cases still hospitalised for investigation,Number of cases fulfilling the reporting criteria,Number of death cases,Number of discharge cases,Number of probable cases,Number of hospitalised cases in critical condition,Number of cases tested positive for SARS-CoV-2 virus by nucleic acid tests,Number of cases tested positive for SARS-CoV-2 virus by rapid antigen tests,Number of positive nucleic acid test laboratory detections,Number of death cases related to COVID-19
08/01/2020,12:00,0,21,17,38,0,0,0,,,,,
09/01/2020,12:00,0,25,23,48,0,0,0,,,,,
10/01/2020,12:00,0,31,23,54,0,0,0,,,,,
11/01/2020,12:00,0,46,15,61,0,0,0,,,,,
12/01/2020,12:00,0,51,16,67,0,0,0,,,,,
13/01/2020,12:00,0,56,12,68,0,0,0,,,,,
14/01/2020,12:00,0,60,11,71,0,0,0,,,,,
15/01/2020,12:00,0,66,10,76,0,0,0,,,,,
16/01/2020,12:00,0,71,7,78,0,0,0,,,,,
17/01/2020,12:00,0,75,6,81,0,0,0,,,,,
18/01/2020,12:00,0,76,14,90,0,0,0,,,,,
19/01/2020,12:00,0,80,19,99,0,0,0,,,,,
20/01/2020,12:00,0,81,25,106,0,0,0,,,,,
21/01/2020,12:00,0,88,30,118,0,0,0,,,,,
22/01/2020,12:00,0,97,38,135,0,0,0,,,,,
23/01/2020,12:00,2,109,65,176,0,0,0,,,,,
24/01/2020,12:00,5,122,117,244,0,0,0,,,,,
25/01/2020,12:00,5,163,137,305,0,0,0,,,,,
26/01/2020,12:00,8,219,155,382,0,0,0,,,,,
27/01/2020,12:00,8,276,167,451,0,0,0,,,,,
28/01/2020,12:00,8,332,189,529,0,0,0,,,,,
29/01/2020,12:00,10,416,159,585,0,0,0,,,,,
30/01/2020,23:59,12,478,191,680,0,0,0,,,,,
31/01/2020,12:00,13,550,203,766,0,0,0,,,,,
01/02/2020,23:59,14,634,188,835,0,0,0,,,,,
02/02/2020,12:00,15,699,168,882,0,0,0,,,,,
03/02/2020,12:00,15,744,159,918,0,0,0,,,,,
04/02/2020,23:59,18,808,157,982,1,0,0,,,,,
05/02/2020,12:00,21,868,154,1043,1,0,0,,,,,
06/02/2020,23:59,24,920,158,1100,1,0,0,,,,,
07/02/2020,23:59,26,975,158,1158,1,0,0,,,,,
08/02/2020,12:00,26,1035,141,1202,1,0,0,,,,,
09/02/2020,12:00,36,1066,129,1231,1,0,0,,,,,
10/02/2020,23:59,42,1089,143,1273,1,0,0,,,,,
11/02/2020,23:59,49,1123,154,1325,1,0,0,,,,,
12/02/2020,12:00,50,1164,170,1384,1,1,0,,,,,
13/02/2020,12:00,53,1222,161,1436,1,1,0,,,,,
14/02/2020,12:00,56,1274,142,1472,1,1,0,,,,,
15/02/2020,12:00,56,1312,149,1517,1,1,0,,,,,
16/02/2020,12:00,57,1341,136,1534,1,2,0,,,,,
17/02/2020,12:00,60,1366,123,1549,1,2,0,,,,,
18/02/2020,12:00,61,1384,133,1578,1,4,0,,,,,
19/02/2020,12:00,63,1417,129,1609,2,5,0,,,,,
20/02/2020,12:00,67,1448,113,1628,2,5,0,,,,,
21/02/2020,12:00,68,1472,111,1652,2,6,1,,,,,
22/02/2020,12:00,68,1494,108,1671,2,11,1,,,,,
23/02/2020,12:00,74,1510,119,1703,2,12,0,,,,,
24/02/2020,12:00,77,1538,116,1731,2,19,0,,,,,
25/02/2020,12:00,85,1566,112,1763,2,18,0,,,,,
26/02/2020,12:00,91,1601,128,1820,2,24,0,,,,,
27/02/2020,12:00,92,1663,134,1889,2,26,0,,,,,
28/02/2020,12:00,94,1718,124,1936,2,30,0,,,,,
29/02/2020,12:00,94,1770,120,1984,2,33,0,,,,,
01/03/2020,12:00,97,1805,129,2033,2,36,2,,,,,
02/03/2020,12:00,99,1853,135,2088,2,36,1,,,,,
03/03/2020,12:00,100,1898,136,2135,2,37,1,,,,,
04/03/2020,12:00,103,1940,134,2178,2,43,1,,,,,
05/03/2020,12:00,104,1979,127,2211,2,46,1,,,,,
06/03/2020,12:00,106,2011,131,2249,2,51,1,,,,,
07/03/2020,12:00,108,2055,117,2281,2,55,1,,,,,
08/03/2020,12:00,113,2079,113,2306,3,59,1,,,,,
09/03/2020,12:00,115,2096,134,2346,3,60,1,,,,,
10/03/2020,12:00,117,2132,136,2386,3,65,1,,,,,
11/03/2020,12:00,129,2156,146,2432,3,67,1,,,,,
12/03/2020,12:00,130,2190,155,2476,3,75,1,,,,,
13/03/2020,12:00,132,2234,156,2523,4,78,1,,,,,
14/03/2020,12:00,139,2288,153,2581,4,81,1,,,,,
15/03/2020,12:00,147,2330,167,2645,4,84,1,,,,,
16/03/2020,12:00,156,2395,174,2726,4,88,1,,,,,
17/03/2020,12:00,164,2451,270,2886,4,92,1,,,,,
18/03/2020,12:00,184,2636,238,3059,4,95,1,,,,,
19/03/2020,12:00,206,2752,362,3321,4,98,1,,,,,
20/03/2020,12:00,250,3046,291,3588,4,98,1,,,,,
21/03/2020,16:00,273,3248,311,3831,4,100,1,,,,,
22/03/2020,16:00,317,3327,464,4096,4,100,1,,,,,
23/03/2020,16:00,351,3647,310,4309,4,101,1,,,,,
24/03/2020,16:00,382,3881,293,4557,4,102,1,,,,,
25/03/2020,16:00,407,4054,301,4756,4,106,1,,,,,
26/03/2020,16:00,452,4251,262,4966,4,110,1,,,,,
27/03/2020,16:00,494,4573,224,5292,4,111,1,,,,,
28/03/2020,12:00,526,4834,233,5594,4,112,1,,,,,
29/03/2020,12:00,577,5023,197,5798,4,118,1,,,,,
30/03/2020,12:00,623,5181,184,5989,4,124,1,,,,,
31/03/2020,12:00,680,5393,197,6271,4,128,1,,,,,
01/04/2020,12:00,737,5564,149,6451,4,147,1,,,,,
02/04/2020,12:00,784,5671,141,6597,4,154,1,,,,,
03/04/2020,12:00,831,5757,133,6722,4,173,1,,,,,
04/04/2020,12:00,853,5883,151,6888,4,186,1,,,,,
05/04/2020,12:00,882,6057,132,7072,4,206,1,,,,,
06/04/2020,12:00,914,,,,4,216,1,12,,,,
07/04/2020,12:00,935,,,,4,236,1,14,,,,
08/04/2020,12:00,960,,,,4,264,1,14,,,,
09/04/2020,12:00,973,,,,4,293,1,14,,,,
10/04/2020,12:00,989,,,,4,309,1,15,,,,
11/04/2020,12:00,1000,,,,4,336,1,14,,,,
12/04/2020,12:00,1004,,,,4,360,1,13,,,,
13/04/2020,12:00,1009,,,,4,397,1,13,,,,
14/04/2020,12:00,1012,,,,4,434,1,13,,,,
15/04/2020,12:00,1016,,,,4,459,1,10,,,,
16/04/2020,12:00,1017,,,,4,485,1,9,,,,
17/04/2020,12:00,1021,,,,4,532,1,9,,,,
18/04/2020,12:00,1023,,,,4,568,1,9,,,,
19/04/2020,12:00,1025,,,,4,602,1,8,,,,
20/04/2020,12:00,1025,,,,4,630,1,8,,,,
21/04/2020,12:00,1029,,,,4,650,1,8,,,,
22/04/2020,12:00,1033,,,,4,678,1,8,,,,
23/04/2020,12:00,1035,,,,4,699,1,9,,,,
24/04/2020,12:00,1035,,,,4,725,1,7,,,,
25/04/2020,12:00,1037,,,,4,753,1,4,,,,
26/04/2020,12:00,1037,,,,4,772,1,4,,,,
27/04/2020,12:00,1037,,,,4,787,1,4,,,,
28/04/2020,12:00,1037,,,,4,811,1,4,,,,
29/04/2020,12:00,1037,,,,4,830,1,4,,,,
30/04/2020,12:00,1037,,,,4,846,1,4,,,,
01/05/2020,12:00,1039,,,,4,859,1,4,,,,
02/05/2020,12:00,1039,,,,4,864,1,4,,,,
03/05/2020,12:00,1039,,,,4,879,1,3,,,,
04/05/2020,12:00,1040,,,,4,900,1,1,,,,
05/05/2020,12:00,1040,,,,4,920,1,1,,,,
06/05/2020,12:00,1040,,,,4,932,1,2,,,,
07/05/2020,12:00,1044,,,,4,944,1,1,,,,
08/05/2020,12:00,1044,,,,4,960,1,1,,,,
09/05/2020,12:00,1044,,,,4,967,1,1,,,,
10/05/2020,12:00,1047,,,,4,982,1,1,,,,
11/05/2020,12:00,1047,,,,4,985,1,1,,,,
12/05/2020,12:00,1047,,,,4,991,1,1,,,,
13/05/2020,12:00,1050,,,,4,1008,1,1,,,,
14/05/2020,12:00,1051,,,,4,1009,1,1,,,,
15/05/2020,12:00,1052,,,,4,1019,1,1,,,,
16/05/2020,12:00,1052,,,,4,1022,1,1,,,,
17/05/2020,12:00,1055,,,,4,1024,1,1,,,,
18/05/2020,12:00,1055,,,,4,1025,1,1,,,,
19/05/2020,12:00,1055,,,,4,1025,1,1,,,,
20/05/2020,12:00,1055,,,,4,1026,1,1,,,,
21/05/2020,12:00,1063,,,,4,1029,1,1,,,,
22/05/2020,12:00,1065,,,,4,1029,1,1,,,,
23/05/2020,12:00,1065,,,,4,1029,1,1,,,,
24/05/2020,12:00,1065,,,,4,1030,1,1,,,,
25/05/2020,12:00,1065,,,,4,1030,1,0,,,,
26/05/2020,12:00,1065,,,,4,1033,1,1,,,,
27/05/2020,12:00,1066,,,,4,1034,1,1,,,,
28/05/2020,12:00,1066,,,,4,1035,1,1,,,,
29/05/2020,12:00,1079,,,,4,1035,1,1,,,,
30/05/2020,12:00,1082,,,,4,1036,1,1,,,,
31/05/2020,12:00,1084,,,,4,1037,1,2,,,,
01/06/2020,12:00,1087,,,,4,1037,1,2,,,,
02/06/2020,12:00,1093,,,,4,1038,1,2,,,,
03/06/2020,12:00,1093,,,,4,1039,1,2,,,,
04/06/2020,12:00,1099,,,,4,1042,1,2,,,,
05/06/2020,12:00,1102,,,,4,1045,1,2,,,,
06/06/2020,12:00,1105,,,,4,1048,1,2,,,,
07/06/2020,12:00,1106,,,,4,1049,1,2,,,,
08/06/2020,12:00,1107,,,,4,1049,1,3,,,,
09/06/2020,12:00,1107,,,,4,1050,1,3,,,,
10/06/2020,12:00,1107,,,,4,1051,1,4,,,,
11/06/2020,12:00,1107,,,,4,1055,1,4,,,,
12/06/2020,12:00,1108,,,,4,1060,1,3,,,,
13/06/2020,12:00,1109,,,,4,1061,1,3,,,,
14/06/2020,12:00,1109,,,,4,1067,1,3,,,,
15/06/2020,12:00,1112,,,,4,1067,1,3,,,,
16/06/2020,12:00,1112,,,,4,1069,1,3,,,,
17/06/2020,12:00,1120,,,,4,1071,1,3,,,,
18/06/2020,12:00,1124,,,,4,1072,1,3,,,,
19/06/2020,12:00,1127,,,,4,1074,1,3,,,,
20/06/2020,12:00,1128,,,,4,1077,1,3,,,,
21/06/2020,12:00,1131,,,,5,1078,1,2,,,,
22/06/2020,12:00,1161,,,,5,1078,1,2,,,,
23/06/2020,12:00,1177,,,,6,1083,1,1,,,,
24/06/2020,12:00,1179,,,,6,1086,1,1,,,,
25/06/2020,12:00,1193,,,,7,1088,1,1,,,,
26/06/2020,12:00,1196,,,,7,1091,1,1,,,,
27/06/2020,12:00,1197,,,,7,1095,1,1,,,,
28/06/2020,12:00,1199,,,,7,1104,1,1,,,,
29/06/2020,12:00,1203,,,,7,1105,1,1,,,,
30/06/2020,12:00,1205,,,,7,1107,1,1,,,,
01/07/2020,12:00,1233,,,,7,1117,1,1,,,,
02/07/2020,12:00,1242,,,,7,1120,1,1,,,,
03/07/2020,12:00,1247,,,,7,1125,1,1,,,,
04/07/2020,12:00,1258,,,,7,1145,1,1,,,,
05/07/2020,12:00,1268,,,,7,1156,1,1,,,,
06/07/2020,12:00,1285,,,,7,1157,1,1,,,,
07/07/2020,12:00,1299,,,,7,1161,1,1,,,,
08/07/2020,12:00,1323,,,,7,1167,1,1,,,,
09/07/2020,12:00,1365,,,,7,1176,1,2,,,,
10/07/2020,12:00,1403,,,,7,1187,1,2,,,,
11/07/2020,12:00,1431,,,,7,1197,1,2,,,,
12/07/2020,12:00,1469,,,,7,1214,1,4,,,,
13/07/2020,12:00,1521,,,,7,1217,1,5,,,,
14/07/2020,12:00,1569,,,,8,1229,1,6,,,,
15/07/2020,12:00,1588,,,,8,1241,1,7,,,,
16/07/2020,12:00,1655,,,,10,1254,1,6,,,,
17/07/2020,12:00,1713,,,,10,1264,1,8,,,,
18/07/2020,12:00,1777,,,,12,1274,1,13,,,,
19/07/2020,12:00,1885,,,,12,1294,1,19,,,,
20/07/2020,,1958,,,,12,1301,1,23,,,,
21/07/2020,,2018,,,,14,1324,1,29,,,,
22/07/2020,,2131,,,,14,1344,1,29,,,,
23/07/2020,,2249,,,,15,1379,1,33,,,,
24/07/2020,,2372,,,,16,1407,1,34,,,,
25/07/2020,,2505,,,,18,1455,1,37,,,,
26/07/2020,,2633,,,,18,1495,1,40,,,,
27/07/2020,,2778,,,,22,1486,1,38,,,,
28/07/2020,,2884,,,,22,1527,1,39,,,,
29/07/2020,,3002,,,,24,1591,1,38,,,,
30/07/2020,,3151,,,,24,1660,1,39,,,,
31/07/2020,,3272,,,,27,1751,1,43,,,,
01/08/2020,,3396,,,,31,1858,1,34,,,,
02/08/2020,,3511,,,,34,1959,1,34,,,,
03/08/2020,,3589,,,,37,2037,1,43,,,,
04/08/2020,,3669,,,,41,2141,1,43,,,,
05/08/2020,,3754,,,,43,2314,1,44,,,,
06/08/2020,,3849,,,,44,2458,1,39,,,,
07/08/2020,,3938,,,,46,2620,1,41,,,,
08/08/2020,,4007,,,,47,2755,1,45,,,,
09/08/2020,,4079,,,,51,2847,1,41,,,,
10/08/2020,,4148,,,,54,2917,1,36,,,,
11/08/2020,,4181,,,,58,3052,1,32,,,,
12/08/2020,,4243,,,,63,3189,1,30,,,,
13/08/2020,,4312,,,,65,3295,1,32,,,,
14/08/2020,,4360,,,,66,3392,1,30,,,,
15/08/2020,,4406,,,,68,3488,1,27,,,,
16/08/2020,,4480,,,,69,3549,1,27,,,,
17/08/2020,,4524,,,,69,3599,1,29,,,,
18/08/2020,,4560,,,,70,3677,1,31,,,,
19/08/2020,,4586,,,,72,3779,1,29,,,,
20/08/2020,,4604,,,,73,3827,1,31,,,,
21/08/2020,,4631,,,,75,3900,1,30,,,,
22/08/2020,,4657,,,,76,3974,1,29,,,,
23/08/2020,,4682,,,,77,4018,1,26,,,,
24/08/2020,,4691,,,,77,4052,1,27,,,,
25/08/2020,,4710,,,,77,4108,1,27,,,,
26/08/2020,,4734,,,,78,4161,1,27,,,,
27/08/2020,,4755,,,,79,4200,1,25,,,,
28/08/2020,,4768,,,,84,4249,1,25,,,,
29/08/2020,,4786,,,,86,4287,1,23,,,,
30/08/2020,,4801,,,,88,4320,1,23,,,,
31/08/2020,,4810,,,,89,4342,1,26,,,,
01/09/2020,,4822,,,,90,4380,1,25,,,,
02/09/2020,,4830,,,,93,4401,1,25,,,,
03/09/2020,,4838,,,,94,4431,1,25,,,,
04/09/2020,,4850,,,,94,4456,1,26,,,,
05/09/2020,,4857,,,,94,4493,1,23,,,,
06/09/2020,,4878,,,,95,4511,1,22,,,,
07/09/2020,,4889,,,,98,4524,1,20,,,,
08/09/2020,,4895,,,,99,4543,1,21,,,,
09/09/2020,,4901,,,,99,4557,1,21,,,,
10/09/2020,,4913,,,,99,4582,1,21,,,,
11/09/2020,,4925,,,,99,4597,1,21,,,,
12/09/2020,,4938,,,,100,4613,1,21,,,,
13/09/2020,,4957,,,,100,4630,1,21,,,,
14/09/2020,,4971,,,,101,4635,1,21,,,,
15/09/2020,,4975,,,,101,4646,1,18,,,,
16/09/2020,,4984,,,,102,4663,1,16,,,,
17/09/2020,,4993,,,,102,4682,1,14,,,,
18/09/2020,,4996,,,,103,4696,1,13,,,,
19/09/2020,,5009,,,,103,4708,1,13,,,,
20/09/2020,,5032,,,,103,4712,1,13,,,,
21/09/2020,,5038,,,,103,4717,1,13,,,,
22/09/2020,,5046,,,,103,4729,1,13,,,,
23/09/2020,,5049,,,,103,4749,1,12,,,,
24/09/2020,,5056,,,,104,4758,1,13,,,,
25/09/2020,,5058,,,,104,4765,1,12,,,,
26/09/2020,,5059,,,,105,4777,1,11,,,,
27/09/2020,,5065,,,,105,4786,1,11,,,,
28/09/2020,,5075,,,,105,4790,1,11,,,,
29/09/2020,,5079,,,,105,4807,1,11,,,,
30/09/2020,,5087,,,,105,4827,1,10,,,,
01/10/2020,,5097,,,,105,4837,1,10,,,,
02/10/2020,,5104,,,,105,4843,1,10,,,,
03/10/2020,,5108,,,,105,4849,1,10,,,,
04/10/2020,,5113,,,,105,4861,1,10,,,,
05/10/2020,,5124,,,,105,4864,1,11,,,,
06/10/2020,,5132,,,,105,4875,1,10,,,,
07/10/2020,,5143,,,,105,4885,1,10,,,,
08/10/2020,,5161,,,,105,4890,1,10,,,,
09/10/2020,,5169,,,,105,4906,1,9,,,,
10/10/2020,,5175,,,,105,4914,1,8,,,,
11/10/2020,,5182,,,,105,4919,1,8,,,,
12/10/2020,,5193,,,,105,4921,1,8,,,,
13/10/2020,,5201,,,,105,4931,1,10,,,,
14/10/2020,,5201,,,,105,4932,1,11,,,,
15/10/2020,,5213,,,,105,4943,1,12,,,,
16/10/2020,,5220,,,,105,4951,1,12,,,,
17/10/2020,,5237,,,,105,4963,1,12,,,,
18/10/2020,,5241,,,,105,4973,1,12,,,,
19/10/2020,,5256,,,,105,4982,1,12,,,,
20/10/2020,,5261,,,,105,4996,1,12,,,,
21/10/2020,,5269,,,,105,5004,1,13,,,,
22/10/2020,,5280,,,,105,5019,1,13,,,,
23/10/2020,,5284,,,,105,5029,1,13,,,,
24/10/2020,,5289,,,,105,5041,1,12,,,,
25/10/2020,,5295,,,,105,5047,1,12,,,,
26/10/2020,,5303,,,,105,5050,1,12,,,,
27/10/2020,,5308,,,,105,5053,1,11,,,,
28/10/2020,,5310,,,,105,5063,1,10,,,,
29/10/2020,,5313,,,,105,5073,1,9,,,,
30/10/2020,,5320,,,,105,5082,1,9,,,,
31/10/2020,,5323,,,,105,5089,1,9,,,,
01/11/2020,,5330,,,,105,5096,1,9,,,,
02/11/2020,,5336,,,,105,5102,1,9,,,,
03/11/2020,,5345,,,,105,5109,1,9,,,,
04/11/2020,,5348,,,,106,5118,1,8,,,,
05/11/2020,,5355,,,,106,5126,1,8,,,,
06/11/2020,,5361,,,,107,5131,1,8,,,,
07/11/2020,,5364,,,,107,5139,1,7,,,,
08/11/2020,,5374,,,,107,5144,1,7,,,,
09/11/2020,,5380,,,,107,5146,1,7,,,,
10/11/2020,,5389,,,,108,5153,1,6,,,,
11/11/2020,,5407,,,,108,5159,1,6,,,,
12/11/2020,,5430,,,,108,5170,1,6,,,,
13/11/2020,,5436,,,,108,5177,1,6,,,,
14/11/2020,,5444,,,,108,5187,1,6,,,,
15/11/2020,,5458,,,,108,5194,1,7,,,,
16/11/2020,,5466,,,,108,5198,1,7,,,,
17/11/2020,,5470,,,,108,5212,1,7,,,,
18/11/2020,,5479,,,,108,5224,1,8,,,,
19/11/2020,,5491,,,,108,5233,1,8,,,,
20/11/2020,,5517,,,,108,5239,1,8,,,,
21/11/2020,,5560,,,,108,5248,1,8,,,,
22/11/2020,,5628,,,,108,5259,1,8,,,,
23/11/2020,,5701,,,,108,5267,1,8,,,,
24/11/2020,,5781,,,,108,5274,1,7,,,,
25/11/2020,,5866,,,,108,5295,1,7,,,,
26/11/2020,,5947,,,,108,5300,1,7,,,,
27/11/2020,,6039,,,,108,5313,1,6,,,,
28/11/2020,,6123,,,,109,5328,1,7,,,,
29/11/2020,,6238,,,,109,5340,1,11,,,,
30/11/2020,,6314,,,,109,5344,1,11,,,,
01/12/2020,,6396,,,,109,5361,1,14,,,,
02/12/2020,,6499,,,,110,5394,1,17,,,,
03/12/2020,,6589,,,,110,5423,1,21,,,,
04/12/2020,,6701,,,,112,5465,1,23,,,,
05/12/2020,,6802,,,,112,5511,1,29,,,,
06/12/2020,,6897,,,,112,5567,1,31,,,,
07/12/2020,,6975,,,,112,5626,1,36,,,,
08/12/2020,,7075,,,,112,5696,1,38,,,,
09/12/2020,,7179,,,,114,5783,1,39,,,,
10/12/2020,,7291,,,,114,5900,1,43,,,,
11/12/2020,,7377,,,,114,5996,1,44,,,,
12/12/2020,,7446,,,,115,6114,1,49,,,,
13/12/2020,,7541,,,,117,6202,1,46,,,,
14/12/2020,,7623,,,,120,6266,1,46,,,,
15/12/2020,,7721,,,,122,6345,1,50,,,,
16/12/2020,,7803,,,,123,6439,1,59,,,,
17/12/2020,,7899,,,,125,6534,1,58,,,,
18/12/2020,,7969,,,,129,6628,1,61,,,,
19/12/2020,,8078,,,,129,6737,1,61,,,,
20/12/2020,,8152,,,,129,6837,1,64,,,,
21/12/2020,,8237,,,,131,6910,1,63,,,,
22/12/2020,,8300,,,,132,6995,1,67,,,,
23/12/2020,,8353,,,,133,7112,1,65,,,,
24/12/2020,,8424,,,,135,7203,1,61,,,,
25/12/2020,,8481,,,,136,7317,1,54,,,,
26/12/2020,,8540,,,,136,7394,1,55,,,,
27/12/2020,,8610,,,,136,7474,1,55,,,,
28/12/2020,,8671,,,,139,7526,1,51,,,,
29/12/2020,,8724,,,,143,7616,1,47,,,,
30/12/2020,,8778,,,,146,7722,1,50,,,,
31/12/2020,,8846,,,,148,7813,1,51,,,,
01/01/2021,,8888,,,,149,7912,1,51,,,,
02/01/2021,,8923,,,,150,7968,1,49,,,,
03/01/2021,,8964,,,,150,8011,1,49,,,,
04/01/2021,,9017,,,,151,8055,1,50,,,,
05/01/2021,,9049,,,,153,8127,1,48,,,,
06/01/2021,,9074,,,,154,8201,1,43,,,,
07/01/2021,,9107,,,,154,8258,1,41,,,,
08/01/2021,,9152,,,,155,8307,1,42,,,,
09/01/2021,,9211,,,,157,8374,1,39,,,,
10/01/2021,,9242,,,,158,8423,1,39,,,,
11/01/2021,,9283,,,,158,8468,1,39,,,,
12/01/2021,,9343,,,,159,8524,1,40,,,,
13/01/2021,,9385,,,,161,8584,1,41,,,,
14/01/2021,,9414,,,,161,8631,1,42,,,,
15/01/2021,,9452,,,,161,8684,1,41,,,,
16/01/2021,,9502,,,,162,8724,1,42,,,,
17/01/2021,,9557,,,,162,8758,1,42,,,,
18/01/2021,,9664,,,,163,8786,1,41,,,,
19/01/2021,,9720,,,,164,8828,1,39,,,,
20/01/2021,,9797,,,,166,8865,1,39,,,,
21/01/2021,,9867,,,,167,8904,1,37,,,,
22/01/2021,,9928,,,,167,8949,1,34,,,,
23/01/2021,,10009,,,,168,8998,1,38,,,,
24/01/2021,,10085,,,,169,9034,1,35,,,,
25/01/2021,,10158,,,,171,9056,1,35,,,,
26/01/2021,,10222,,,,173,9101,1,34,,,,
27/01/2021,,10282,,,,174,9162,1,32,,,,
28/01/2021,,10321,,,,177,9239,1,32,,,,
29/01/2021,,10371,,,,178,9302,1,30,,,,
30/01/2021,,10399,,,,178,9362,1,28,,,,
31/01/2021,,10452,,,,181,9423,1,28,,,,
01/02/2021,,10486,,,,182,9474,1,28,,,,
02/02/2021,,10511,,,,183,9549,1,30,,,,
03/02/2021,,10530,,,,185,9633,1,28,,,,
04/02/2021,,10552,,,,186,9684,1,26,,,,
05/02/2021,,10589,,,,186,9750,1,24,,,,
06/02/2021,,10608,,,,186,9828,1,24,,,,
07/02/2021,,10635,,,,186,9887,1,23,,,,
08/02/2021,,10667,,,,186,9918,1,24,,,,
09/02/2021,,10693,,,,187,9976,1,24,,,,
10/02/2021,,10710,,,,188,10022,1,22,,,,
11/02/2021,,10731,,,,191,10077,1,21,,,,
12/02/2021,,10755,,,,192,10136,1,22,,,,
13/02/2021,,10767,,,,193,10160,1,21,,,,
14/02/2021,,10779,,,,193,10185,1,21,,,,
15/02/2021,,10788,,,,193,10207,1,21,,,,
16/02/2021,,10796,,,,194,10232,1,22,,,,
17/02/2021,,10812,,,,195,10270,1,19,,,,
18/02/2021,,10820,,,,197,10298,1,18,,,,
19/02/2021,,10833,,,,197,10329,1,18,,,,
20/02/2021,,10848,,,,197,10362,1,18,,,,
21/02/2021,,10868,,,,197,10389,1,18,,,,
22/02/2021,,10884,,,,197,10404,1,18,,,,
23/02/2021,,10896,,,,197,10427,1,17,,,,
24/02/2021,,10913,,,,197,10461,1,17,,,,
25/02/2021,,10926,,,,198,10474,1,18,,,,
26/02/2021,,10951,,,,198,10493,1,18,,,,
27/02/2021,,10983,,,,198,10519,1,17,,,,
28/02/2021,,11005,,,,199,10536,1,17,,,,
01/03/2021,,11019,,,,200,10547,1,16,,,,
02/03/2021,,11032,,,,200,10563,1,14,,,,
03/03/2021,,11046,,,,200,10578,1,13,,,,
04/03/2021,,11055,,,,201,10593,1,13,,,,
05/03/2021,,11066,,,,201,10604,1,13,,,,
06/03/2021,,11074,,,,202,10622,1,12,,,,
07/03/2021,,11090,,,,202,10629,1,13,,,,
08/03/2021,,11099,,,,202,10636,1,13,,,,
09/03/2021,,11120,,,,202,10662,1,14,,,,
10/03/2021,,11128,,,,202,10675,1,14,,,,
11/03/2021,,11150,,,,203,10695,1,13,,,,
12/03/2021,,11210,,,,203,10711,1,13,,,,
13/03/2021,,11257,,,,203,10739,1,13,,,,
14/03/2021,,11281,,,,203,10755,1,13,,,,
15/03/2021,,11311,,,,203,10769,1,13,,,,
16/03/2021,,11329,,,,203,10786,1,10,,,,
17/03/2021,,11340,,,,203,10809,1,10,,,,
18/03/2021,,11350,,,,203,10824,1,10,,,,
19/03/2021,,11363,,,,203,10837,1,10,,,,
20/03/2021,,11371,,,,203,10863,1,10,,,,
21/03/2021,,11379,,,,203,10875,1,10,,,,
22/03/2021,,11397,,,,203,10901,1,10,,,,
23/03/2021,,11409,,,,203,10936,1,10,,,,
24/03/2021,,11419,,,,204,10963,1,10,,,,
25/03/2021,,11428,,,,204,10994,1,10,,,,
26/03/2021,,11439,,,,205,11023,1,10,,,,
27/03/2021,,11445,,,,205,11040,1,10,,,,
28/03/2021,,11446,,,,205,11056,1,10,,,,
29/03/2021,,11454,,,,205,11075,1,10,,,,
30/03/2021,,11461,,,,205,11085,1,9,,,,
31/03/2021,,11467,,,,205,11095,1,9,,,,
01/04/2021,,11480,,,,205,11108,1,9,,,,
02/04/2021,,11499,,,,205,11122,1,9,,,,
03/04/2021,,11501,,,,205,11133,1,9,,,,
04/04/2021,,11508,,,,205,11139,1,9,,,,
05/04/2021,,11524,,,,205,11145,1,6,,,,
06/04/2021,,11531,,,,205,11155,1,6,,,,
07/04/2021,,11539,,,,205,11163,1,9,,,,
08/04/2021,,11549,,,,205,11174,1,8,,,,
09/04/2021,,11563,,,,206,11186,1,7,,,,
10/04/2021,,11568,,,,207,11193,1,7,,,,
11/04/2021,,11581,,,,207,11206,1,7,,,,
12/04/2021,,11594,,,,207,11214,1,7,,,,
13/04/2021,,11607,,,,207,11227,1,7,,,,
14/04/2021,,11612,,,,209,11237,1,6,,,,
15/04/2021,,11618,,,,209,11246,1,6,,,,
16/04/2021,,11635,,,,209,11253,1,6,,,,
17/04/2021,,11653,,,,209,11258,1,4,,,,
18/04/2021,,11683,,,,209,11270,1,4,,,,
19/04/2021,,11695,,,,209,11274,1,4,,,,
20/04/2021,,11703,,,,209,11287,1,3,,,,
21/04/2021,,11704,,,,209,11302,1,3,,,,
22/04/2021,,11718,,,,209,11316,1,3,,,,
23/04/2021,,11727,,,,209,11325,1,3,,,,
24/04/2021,,11730,,,,209,11340,1,3,,,,
25/04/2021,,11736,,,,209,11354,1,3,,,,
26/04/2021,,11740,,,,209,11363,1,3,,,,
27/04/2021,,11748,,,,209,11379,1,3,,,,
28/04/2021,,11755,,,,209,11392,1,3,,,,
29/04/2021,,11770,,,,209,11404,1,3,,,,
30/04/2021,,11774,,,,209,11416,1,3,,,,
01/05/2021,,11782,,,,210,11432,1,3,,,,
02/05/2021,,11784,,,,210,11445,1,3,,,,
03/05/2021,,11786,,,,210,11447,1,3,,,,
04/05/2021,,11790,,,,210,11451,1,3,,,,
05/05/2021,,11796,,,,210,11462,1,3,,,,
06/05/2021,,11798,,,,210,11468,1,3,,,,
07/05/2021,,11801,,,,210,11473,1,3,,,,
08/05/2021,,11806,,,,210,11486,1,3,,,,
09/05/2021,,11807,,,,210,11493,1,3,,,,
10/05/2021,,11811,,,,210,11496,1,2,,,,
11/05/2021,,11812,,,,210,11503,1,2,,,,
12/05/2021,,11814,,,,210,11505,1,2,,,,
13/05/2021,,11817,,,,210,11511,1,2,,,,
14/05/2021,,11818,,,,210,11516,1,2,,,,
15/05/2021,,11821,,,,210,11522,1,2,,,,
16/05/2021,,11824,,,,210,11525,1,2,,,,
17/05/2021,,11825,,,,210,11531,1,2,,,,
18/05/2021,,11826,,,,210,11535,1,2,,,,
19/05/2021,,11827,,,,210,11539,1,2,,,,
20/05/2021,,11828,,,,210,11542,1,2,,,,
21/05/2021,,11829,,,,210,11547,1,2,,,,
22/05/2021,,11830,,,,210,11550,1,2,,,,
23/05/2021,,11832,,,,210,11553,1,2,,,,
24/05/2021,,11833,,,,210,11556,1,1,,,,
25/05/2021,,11835,,,,210,11560,1,1,,,,
26/05/2021,,11836,,,,210,11561,1,1,,,,
27/05/2021,,11836,,,,210,11565,1,1,,,,
28/05/2021,,11836,,,,210,11570,1,1,,,,
29/05/2021,,11837,,,,210,11571,1,1,,,,
30/05/2021,,11837,,,,210,11572,1,1,,,,
31/05/2021,,11841,,,,210,11572,1,1,,,,
01/06/2021,,11848,,,,210,11574,1,1,,,,
02/06/2021,,11848,,,,210,11576,1,1,,,,
03/06/2021,,11849,,,,210,11577,1,1,,,,
04/06/2021,,11850,,,,210,11579,1,1,,,,
05/06/2021,,11851,,,,210,11584,1,1,,,,
06/06/2021,,11858,,,,210,11584,1,1,,,,
07/06/2021,,11865,,,,210,11584,1,1,,,,
08/06/2021,,11868,,,,210,11584,1,1,,,,
09/06/2021,,11872,,,,210,11587,1,1,,,,
10/06/2021,,11874,,,,210,11590,1,1,,,,
11/06/2021,,11874,,,,210,11593,1,1,,,,
12/06/2021,,11877,,,,210,11595,1,1,,,,
13/06/2021,,11877,,,,210,11598,1,1,,,,
14/06/2021,,11878,,,,210,11600,1,1,,,,
15/06/2021,,11880,,,,210,11600,1,1,,,,
16/06/2021,,11881,,,,210,11601,1,1,,,,
17/06/2021,,11881,,,,210,11603,1,1,,,,
18/06/2021,,11884,,,,210,11608,1,1,,,,
19/06/2021,,11885,,,,210,11612,1,1,,,,
20/06/2021,,11886,,,,210,11614,1,1,,,,
21/06/2021,,11889,,,,210,11616,1,1,,,,
22/06/2021,,11896,,,,210,11618,1,1,,,,
23/06/2021,,11898,,,,210,11619,1,1,,,,
24/06/2021,,11905,,,,210,11621,1,1,,,,
25/06/2021,,11909,,,,211,11621,1,1,,,,
26/06/2021,,11911,,,,211,11624,1,1,,,,
27/06/2021,,11917,,,,211,11625,1,1,,,,
28/06/2021,,11920,,,,211,11626,1,1,,,,
29/06/2021,,11921,,,,211,11628,1,1,,,,
30/06/2021,,11923,,,,211,11630,1,1,,,,
01/07/2021,,11927,,,,211,11631,1,1,,,,
02/07/2021,,11938,,,,211,11633,1,1,,,,
03/07/2021,,11939,,,,211,11634,1,1,,,,
04/07/2021,,11942,,,,211,11637,1,1,,,,
05/07/2021,,11943,,,,212,11638,1,0,,,,
06/07/2021,,11944,,,,212,11642,1,0,,,,
07/07/2021,,11945,,,,212,11643,1,0,,,,
08/07/2021,,11948,,,,212,11648,1,0,,,,
09/07/2021,,11949,,,,212,11648,1,0,,,,
10/07/2021,,11950,,,,212,11652,1,0,,,,
11/07/2021,,11951,,,,212,11655,1,0,,,,
12/07/2021,,11951,,,,212,11662,1,0,,,,
13/07/2021,,11952,,,,212,11665,1,0,,,,
14/07/2021,,11955,,,,212,11669,1,0,,,,
15/07/2021,,11955,,,,212,11675,1,0,,,,
16/07/2021,,11956,,,,212,11677,1,0,,,,
17/07/2021,,11956,,,,212,11682,1,0,,,,
18/07/2021,,11958,,,,212,11682,1,0,,,,
19/07/2021,,11958,,,,212,11686,1,0,,,,
20/07/2021,,11965,,,,212,11688,1,0,,,,
21/07/2021,,11970,,,,212,11688,1,0,,,,
22/07/2021,,11971,,,,212,11690,1,0,,,,
23/07/2021,,11973,,,,212,11693,1,0,,,,
24/07/2021,,11975,,,,212,11696,1,1,,,,
25/07/2021,,11978,,,,212,11698,1,1,,,,
26/07/2021,,11978,,,,212,11701,1,1,,,,
27/07/2021,,11979,,,,212,11705,1,1,,,,
28/07/2021,,11980,,,,212,11707,1,0,,,,
29/07/2021,,11982,,,,212,11709,1,0,,,,
30/07/2021,,11984,,,,212,11712,1,0,,,,
31/07/2021,,11984,,,,212,11713,1,0,,,,
01/08/2021,,11987,,,,212,11715,1,0,,,,
02/08/2021,,11990,,,,212,11715,1,0,,,,
03/08/2021,,11994,,,,212,11719,1,0,,,,
04/08/2021,,11996,,,,212,11721,1,0,,,,
05/08/2021,,12002,,,,212,11721,1,0,,,,
06/08/2021,,12004,,,,212,11724,1,0,,,,
07/08/2021,,12011,,,,212,11725,1,0,,,,
08/08/2021,,12013,,,,212,11725,1,0,,,,
09/08/2021,,12015,,,,212,11725,1,0,,,,
10/08/2021,,12019,,,,212,11728,1,0,,,,
11/08/2021,,12020,,,,212,11731,1,0,,,,
12/08/2021,,12025,,,,212,11733,1,0,,,,
13/08/2021,,12030,,,,212,11736,1,0,,,,
14/08/2021,,12032,,,,212,11740,1,0,,,,
15/08/2021,,12033,,,,212,11748,1,0,,,,
16/08/2021,,12036,,,,212,11750,1,0,,,,
17/08/2021,,12039,,,,212,11753,1,0,,,,
18/08/2021,,12042,,,,212,11755,1,0,,,,
19/08/2021,,12047,,,,212,11759,1,0,,,,
20/08/2021,,12049,,,,212,11761,1,0,,,,
21/08/2021,,12052,,,,212,11762,1,0,,,,
22/08/2021,,12057,,,,212,11766,1,0,,,,
23/08/2021,,12062,,,,212,11766,1,0,,,,
24/08/2021,,12069,,,,212,11768,1,0,,,,
25/08/2021,,12074,,,,212,11772,1,0,,,,
26/08/2021,,12077,,,,212,11777,1,0,,,,
27/08/2021,,12094,,,,212,11779,1,0,,,,
28/08/2021,,12100,,,,212,11782,1,0,,,,
29/08/2021,,12107,,,,212,11783,1,0,,,,
30/08/2021,,12110,,,,212,11786,1,0,,,,
31/08/2021,,12112,,,,212,11791,1,0,,,,
01/09/2021,,12113,,,,212,11798,1,0,,,,
02/09/2021,,12113,,,,212,11799,1,0,,,,
03/09/2021,,12112,,,,212,11798,1,0,,,,
04/09/2021,,12113,,,,212,11802,1,0,,,,
05/09/2021,,12121,,,,212,11814,1,0,,,,
06/09/2021,,12123,,,,212,11821,1,0,,,,
07/09/2021,,12129,,,,212,11825,1,0,,,,
08/09/2021,,12131,,,,212,11831,1,0,,,,
09/09/2021,,12133,,,,212,11834,1,0,,,,
10/09/2021,,12138,,,,212,11838,1,0,,,,
11/09/2021,,12142,,,,212,11841,1,0,,,,
12/09/2021,,12145,,,,212,11846,1,0,,,,
13/09/2021,,12146,,,,213,11850,1,0,,,,
14/09/2021,,12148,,,,213,11854,1,0,,,,
15/09/2021,,12149,,,,213,11858,1,0,,,,
16/09/2021,,12149,,,,213,11862,1,0,,,,
17/09/2021,,12152,,,,213,11867,1,0,,,,
18/09/2021,,12157,,,,213,11869,1,0,,,,
19/09/2021,,12160,,,,213,11872,1,0,,,,
20/09/2021,,12165,,,,213,11874,1,0,,,,
21/09/2021,,12166,,,,213,11878,1,0,,,,
22/09/2021,,12167,,,,213,11878,1,0,,,,
23/09/2021,,12169,,,,213,11887,1,0,,,,
24/09/2021,,12176,,,,213,11888,1,0,,,,
25/09/2021,,12185,,,,213,11891,1,0,,,,
26/09/2021,,12193,,,,213,11892,1,0,,,,
27/09/2021,,12196,,,,213,11897,1,0,,,,
28/09/2021,,12209,,,,213,11901,1,0,,,,
29/09/2021,,12214,,,,213,11905,1,0,,,,
30/09/2021,,12217,,,,213,11905,1,0,,,,
01/10/2021,,12221,,,,213,11906,1,0,,,,
02/10/2021,,12226,,,,213,11909,1,0,,,,
03/10/2021,,12226,,,,213,11920,1,0,,,,
04/10/2021,,12230,,,,213,11926,1,0,,,,
05/10/2021,,12237,,,,213,11931,1,0,,,,
06/10/2021,,12243,,,,213,11935,1,0,,,,
07/10/2021,,12251,,,,213,11942,1,0,,,,
08/10/2021,,12253,,,,213,11945,1,0,,,,
09/10/2021,,12230,,,,213,11926,1,0,,,,
10/10/2021,,12261,,,,213,11947,1,0,,,,
11/10/2021,,12268,,,,213,11953,1,0,,,,
12/10/2021,,12272,,,,213,11956,1,0,,,,
13/10/2021,,12275,,,,213,11962,1,0,,,,
14/10/2021,,12276,,,,213,11971,1,0,,,,
15/10/2021,,12285,,,,213,11980,1,0,,,,
16/10/2021,,12291,,,,213,11988,1,0,,,,
17/10/2021,,12294,,,,213,11992,1,0,,,,
18/10/2021,,12299,,,,213,11994,1,0,,,,
19/10/2021,,12301,,,,213,11998,1,0,,,,
20/10/2021,,12305,,,,213,12003,1,0,,,,
21/10/2021,,12311,,,,213,12006,1,0,,,,
22/10/2021,,12313,,,,213,12012,1,0,,,,
23/10/2021,,12319,,,,213,12016,1,0,,,,
24/10/2021,,12323,,,,213,12019,1,0,,,,
25/10/2021,,12327,,,,213,12023,1,0,,,,
26/10/2021,,12330,,,,213,12029,1,0,,,,
27/10/2021,,12335,,,,213,12033,1,0,,,,
28/10/2021,,12337,,,,213,12033,1,0,,,,
29/10/2021,,12342,,,,213,12033,1,0,,,,
30/10/2021,,12345,,,,213,12034,1,0,,,,
31/10/2021,,12346,,,,213,12034,1,0,,,,
01/11/2021,,12347,,,,213,12034,1,0,,,,
02/11/2021,,12349,,,,213,12034,1,0,,,,
03/11/2021,,12352,,,,213,12034,1,0,,,,
04/11/2021,,12359,,,,213,12035,1,0,,,,
05/11/2021,,12360,,,,213,12035,1,0,,,,
06/11/2021,,12367,,,,213,12036,1,0,,,,
07/11/2021,,12368,,,,213,12036,1,0,,,,
08/11/2021,,12368,,,,213,12036,1,0,,,,
09/11/2021,,12369,,,,213,12036,1,0,,,,
10/11/2021,,12374,,,,213,12036,1,0,,,,
11/11/2021,,12377,,,,213,12037,1,0,,,,
12/11/2021,,12378,,,,213,12072,1,0,,,,
13/11/2021,,12380,,,,213,12087,1,0,,,,
14/11/2021,,12381,,,,213,12090,1,0,,,,
15/11/2021,,12387,,,,213,12092,1,0,,,,
16/11/2021,,12388,,,,213,12099,1,0,,,,
17/11/2021,,12391,,,,213,12099,1,0,,,,
18/11/2021,,12395,,,,213,12104,1,0,,,,
19/11/2021,,12396,,,,213,12106,1,0,,,,
20/11/2021,,12399,,,,213,12108,1,0,,,,
21/11/2021,,12401,,,,213,12115,1,0,,,,
22/11/2021,,12404,,,,213,12119,1,0,,,,
23/11/2021,,12410,,,,213,12121,1,0,,,,
24/11/2021,,12411,,,,213,12123,1,0,,,,
25/11/2021,,12417,,,,213,12125,1,0,,,,
26/11/2021,,12421,,,,213,12128,1,0,,,,
27/11/2021,,12424,,,,213,12130,1,0,,,,
28/11/2021,,12427,,,,213,12133,1,0,,,,
29/11/2021,,12430,,,,213,12134,1,0,,,,
30/11/2021,,12436,,,,213,12136,1,0,,,,
01/12/2021,,12439,,,,213,12140,1,0,,,,
02/12/2021,,12445,,,,213,12143,1,0,,,,
03/12/2021,,12448,,,,213,12145,1,0,,,,
04/12/2021,,12452,,,,213,12148,1,0,,,,
05/12/2021,,12461,,,,213,12149,1,1,,,,
06/12/2021,,12466,,,,213,12151,1,1,,,,
07/12/2021,,12471,,,,213,12153,1,0,,,,
08/12/2021,,12471,,,,213,12155,1,0,,,,
09/12/2021,,12478,,,,213,12156,1,0,,,,
10/12/2021,,12482,,,,213,12159,1,0,,,,
11/12/2021,,12483,,,,213,12165,1,0,,,,
12/12/2021,,12488,,,,213,12168,1,0,,,,
13/12/2021,,12490,,,,213,12173,1,0,,,,
14/12/2021,,12495,,,,213,12180,1,0,,,,
15/12/2021,,12496,,,,213,12180,1,0,,,,
16/12/2021,,12506,,,,213,12180,1,0,,,,
17/12/2021,,12513,,,,213,12180,1,0,,,,
18/12/2021,,12518,,,,213,12182,1,0,,,,
19/12/2021,,12526,,,,213,12184,1,0,,,,
20/12/2021,,12533,,,,213,12184,1,0,,,,
21/12/2021,,12541,,,,213,12184,1,0,,,,
22/12/2021,,12548,,,,213,12184,1,0,,,,
23/12/2021,,12550,,,,213,12186,1,0,,,,
24/12/2021,,12555,,,,213,12189,1,0,,,,
25/12/2021,,12580,,,,213,12189,1,0,,,,
26/12/2021,,12589,,,,213,12189,1,0,,,,
27/12/2021,,12598,,,,213,12189,1,0,,,,
28/12/2021,,12604,,,,213,12189,1,0,,,,
29/12/2021,,12618,,,,213,12191,1,0,,,,
30/12/2021,,12630,,,,213,12196,1,0,,,,
31/12/2021,,12649,,,,213,12206,1,0,,,,
01/01/2022,,,,,,213,12209,,0,12667,,,
02/01/2022,,,,,,213,12214,,0,12693,,,
03/01/2022,,,,,,213,12219,,0,12722,,,
04/01/2022,,,,,,213,12228,,0,12761,,,
05/01/2022,,,,,,213,12230,,0,12799,,,
06/01/2022,,,,,,213,12235,,0,12832,,,
07/01/2022,,,,,,213,12235,,0,12865,,,
08/01/2022,,,,,,213,12243,,0,12902,,,
09/01/2022,,,,,,213,12284,,0,12935,,,
10/01/2022,,,,,,213,12296,,0,12959,,,
11/01/2022,,,,,,213,12304,,0,12980,,,
12/01/2022,,,,,,213,12316,,0,13002,,,
13/01/2022,,,,,,213,12327,,0,13016,,,
14/01/2022,,,,,,213,12339,,0,13025,,,
15/01/2022,,,,,,213,12366,,0,13030,,,
16/01/2022,,,,,,213,12393,,0,13041,,,
17/01/2022,,,,,,213,12416,,0,13048,,,
18/01/2022,,,,,,213,12446,,0,13066,,,
19/01/2022,,,,,,213,12474,,0,13082,,,
20/01/2022,,,,,,213,12493,,0,13096,,,
21/01/2022,,,,,,213,12514,,0,13120,,,
22/01/2022,,,,,,213,12541,,0,13146,,,
23/01/2022,,,,,,213,12572,,0,13286,,,
24/01/2022,,,,,,213,12602,,0,13395,,,
25/01/2022,,,,,,213,12623,,0,13519,,,
26/01/2022,,,,,,213,12655,,0,13626,,,
27/01/2022,,,,,,213,12687,,0,13790,,,
28/01/2022,,,,,,213,12710,,0,13905,,,
29/01/2022,,,,,,213,12730,,0,14024,,,
30/01/2022,,,,,,213,12752,,0,14105,,,
31/01/2022,,,,,,213,12780,,0,14197,,,
01/02/2022,,,,,,213,12806,,0,14326,,,
02/02/2022,,,,,,213,12826,,1,14442,,,
03/02/2022,,,,,,213,12880,,1,14584,,,
04/02/2022,,,,,,213,12916,,1,14715,,,
05/02/2022,,,,,,213,12987,,1,15066,,,
06/02/2022,,,,,,213,13125,,1,15408,,,
07/02/2022,,,,,,213,13232,,1,16022,,,
08/02/2022,,,,,,213,13315,,2,16647,,,
09/02/2022,,,,,,215,13436,,2,17808,,,
10/02/2022,,,,,,216,13795,,1,18794,,,
11/02/2022,,,,,,216,14037,,2,20119,,,
12/02/2022,,,,,,219,14183,,3,21633,,,
13/02/2022,,,,,,219,,,4,22980,,,
14/02/2022,,,,,,221,,,8,25051,,,
15/02/2022,,,,,,224,,,8,26670,,,
16/02/2022,,,,,,227,,,16,30955,,,
17/02/2022,,,,,,238,,,0,37071,,,
18/02/2022,,,,,,259,,,16,40700,,,
19/02/2022,,,,,,276,,,16,46763,,,
20/02/2022,,,,,,288,,,16,52830,,,
21/02/2022,,,,,,300,,,16,60363,,,
22/02/2022,,,,,,336,,,16,66574,,,
23/02/2022,,,,,,385,,,16,75248,,,
24/02/2022,,,,,,425,,,16,84046,,,
25/02/2022,,,,,,497,,,16,94056,,,
26/02/2022,,,,,,577,,,16,138955,29635,,
27/02/2022,,,,,,659,,,16,171314,48252,,
28/02/2022,,,,,,744,,,16,205780,69964,,
01/03/2022,,,,,,990,,,16,238377,93025,,
02/03/2022,,,,,,1168,,,16,293730,114013,,
03/03/2022,,,,,,1366,,,16,350557,134177,,
04/03/2022,,,,,,1554,,,60,403080,154336,,
05/03/2022,,,,,,1774,,,61,440609,184390,,
06/03/2022,,,,,,2007,,,61,471617,193183,,
07/03/2022,,,,,,2287,,,68,496767,204428,,
08/03/2022,,,,,,2578,,,69,525242,214704,,
09/03/2022,,,,,,2869,,,68,551233,219174,,
10/03/2022,,,,,,3150,,,71,575623,226186,,
11/03/2022,,,,,,3444,,,76,594511,236679,,
12/03/2022,,,,,,3729,,,85,610300,248537,,
13/03/2022,,,,,,3993,,,101,623635,267632,,
14/03/2022,,,,,,4279,,,104,635675,282500,,
15/03/2022,,,,,,4568,,,111,647631,298309,,
16/03/2022,,,,,,4847,,,119,662085,313127,,
17/03/2022,,,,,,5136,,,119,670713,326149,,
18/03/2022,,,,,,5401,,,115,678679,338265,,
19/03/2022,,,,,,5650,,,119,686207,347334,,
20/03/2022,,,,,,5896,,,115,692083,355607,,
21/03/2022,,,,,,6119,,,117,696606,365152,,
22/03/2022,,,,,,6364,,,114,700902,375008,,
23/03/2022,,,,,,6569,,,103,705152,382998,,
24/03/2022,,,,,,6770,,,108,710884,390340,,
25/03/2022,,,,,,6962,,,105,715462,396167,,
26/03/2022,,,,,,7101,,,105,719346,401124,,
27/03/2022,,,,,,7252,,,110,722901,405606,,
28/03/2022,,,,,,7420,,,108,726128,410064,,
29/03/2022,,,,,,7571,,,97,729292,414496,,
30/03/2022,,,,,,7706,,,89,732286,418483,,
31/03/2022,,,,,,7825,,,84,735145,422270,,
01/04/2022,,,,,,7945,,,79,737888,425350,,
02/04/2022,,,,,,8061,,,79,740174,427539,,
03/04/2022,,,,,,8172,,,78,742006,429416,,
04/04/2022,,,,,,8262,,,75,743595,430965,,
05/04/2022,,,,,,8349,,,71,745253,432561,,
06/04/2022,,,,,,8460,,,74,746742,433849,,
07/04/2022,,,,,,8557,,,75,748110,435125,,
08/04/2022,,,,,,8643,,,69,749337,436390,,
09/04/2022,,,,,,8705,,,66,750234,438028,,
10/04/2022,,,,,,8770,,,62,751122,439061,,
11/04/2022,,,,,,8827,,,60,751820,439770,,
12/04/2022,,,,,,8886,,,58,752555,440468,,
13/04/2022,,,,,,8948,,,54,753289,441006,,
14/04/2022,,,,,,9002,,,58,753868,441470,,
15/04/2022,,,,,,9069,,,56,754339,441945,,
16/04/2022,,,,,,9110,,,52,754788,442290,,
17/04/2022,,,,,,9139,,,51,755234,442591,,
18/04/2022,,,,,,9159,,,49,755550,442888,,
19/04/2022,,,,,,9176,,,50,755870,443168,,
20/04/2022,,,,,,9186,,,17,756200,443506,,
21/04/2022,,,,,,9212,,,19,756517,443817,,
22/04/2022,,,,,,9227,,,19,756807,444101,,
23/04/2022,,,,,,9236,,,16,757059,444372,,
24/04/2022,,,,,,9249,,,16,757280,444580,,
25/04/2022,,,,,,9267,,,16,757522,444769,,
26/04/2022,,,,,,9274,58804,,16,757727,444911,,
27/04/2022,,,,,,9282,59015,,16,757949,445119,,
28/04/2022,,,,,,9287,59173,,11,758155,445326,,
29/04/2022,,,,,,9298,59316,,8,758351,445496,,
30/04/2022,,,,,,9308,59504,,5,758541,445669,,
01/05/2022,,,,,,9313,59661,,5,758660,445850,,
02/05/2022,,,,,,9318,59716,,6,758780,446013,,
03/05/2022,,,,,,9325,59758,,7,758912,446171,,
04/05/2022,,,,,,9328,59864,,7,759024,446372,,
05/05/2022,,,,,,9333,59963,,4,759172,446545,,
06/05/2022,,,,,,9344,60323,,2,759316,446725,,
07/05/2022,,,,,,9344,60483,,2,759431,446888,,
08/05/2022,,,,,,9346,60600,,2,759543,447042,,
09/05/2022,,,,,,9347,60636,,2,759663,447155,,
10/05/2022,,,,,,9352,60718,,4,759801,447290 ,,
11/05/2022,,,,,,9355,60841,,3,759932,447439,,
12/05/2022,,,,,,9356,60972,,2,760047,447618,,
13/05/2022,,,,,,9359,61067,,0,760173,447790 ,,
14/05/2022,,,,,,9360,61157,,1,760289,447958,,
15/05/2022,,,,,,9361,61238,,1,760402,448104,,
16/05/2022,,,,,,9361,61277,,2,760515,448225,,
17/05/2022,,,,,,9361,61380,,2,760681,448387,,
18/05/2022,,,,,,9365,61490,,3,760808,448589,,
19/05/2022,,,,,,9366,61602,,4,760924,448764,,
20/05/2022,,,,,,9370,61702,,3,761025,448906,,
21/05/2022,,,,,,9370,61842,,3,761128,449031,,
22/05/2022,,,,,,9370,61899,,3,761222,449174,,
23/05/2022,,,,,,9370,61925,,3,761316,449270,,
24/05/2022,,,,,,9370,61988,,3,761405,449431,,
25/05/2022,,,,,,9372,62061,,2,761509,449578,,
26/05/2022,,,,,,9374,62098,,5,761620,449718,,
27/05/2022,,,,,,9375,62129,,7,761725,449863,,
28/05/2022,,,,,,9376,62163,,5,761841,450017,,
29/05/2022,,,,,,9376,62174,,4,761949,450146 ,,
30/05/2022,,,,,,9378,62200,,4,762074,450296,,
31/05/2022,,,,,,9378,62255,,5,762188,450511,,
01/06/2022,,,,,,9379,62317,,5,762339,450865,,
02/06/2022,,,,,,9380,62381,,7,762509,451184,,
03/06/2022,,,,,,9382,62437,,6,762708,451484,,
04/06/2022,,,,,,9382,62485,,6,762884,451754,,
05/06/2022,,,,,,9386,62510,,5,763020,452133,,
06/06/2022,,,,,,9386,62526,,6,763231,452465,,
07/06/2022,,,,,,9389,62575,,6,763462,452473,,
08/06/2022,,,,,,9389,62644,,4,763719,452509,,
09/06/2022,,,,,,9390,62691,,3,764051,452791,,
10/06/2022,,,,,,9390,62751,,3,764342,453168,,
11/06/2022,,,,,,9390,62810,,3,764702,453659,,
12/06/2022,,,,,,9390,62861,,3,765066,454109,,
13/06/2022,,,,,,9390,62896,,3,765371,454541,,
14/06/2022,,,,,,9391,62950,,2,765790,454971,,
15/06/2022,,,,,,9392,63002,,4,766319,455489,,
16/06/2022,,,,,,9392,63056,,3,766805,456182,,
17/06/2022,,,,,,9393,63122,,3,767290,456842,,
18/06/2022,,,,,,9393,63191,,3,767819,457589,,
19/06/2022,,,,,,9395,63224,,2,768318,458366,,
20/06/2022,,,,,,9396,63253,,3,768867,459144,,
21/06/2022,,,,,,9396,63312,,2,769394,459815,,
22/06/2022,,,,,,9397,63399,,3,770078,460578,,
23/06/2022,,,,,,9398,63466,,3,770730,461576,,
24/06/2022,,,,,,9398,63527,,2,771444,462722,,
25/06/2022,,,,,,9398,63620,,3,772157,463803,,
26/06/2022,,,,,,9398,63682,,3,772880,464997,,
27/06/2022,,,,,,9398,63734,,3,773610,466140,,
28/06/2022,,,,,,9399,63798,,3,774332,467103,,
29/06/2022,,,,,,9399,63877,,3,775236,468203,,
30/06/2022,,,,,,9401,63964,,3,776182,469615,,
01/07/2022,,,,,,9402,64069,,3,777071,471044,,
02/07/2022,,,,,,9405,64131,,3,777911,472431,,
03/07/2022,,,,,,9405,64171,,2,778454,473716,,
04/07/2022,,,,,,9405,64265,,3,778913,475098,,
05/07/2022,,,,,,9405,64356,,1,779826,476453,,
06/07/2022,,,,,,9406,64471,,2,780965,478129,,
07/07/2022,,,,,,9407,64590,,1,782062,480060,,
08/07/2022,,,,,,9410,64707,,3,783216,481851,,
09/07/2022,,,,,,9410,64819,,4,784488,483574,,
10/07/2022,,,,,,9412,64919,,5,785877,485177,,
11/07/2022,,,,,,9419,65009,,5,787142,486775,,
12/07/2022,,,,,,9420,65117,,5,788445,488241,,
13/07/2022,,,,,,9422,65222,,9,790024,489816,,
14/07/2022,,,,,,9427,65331,,8,791640,491874,,
15/07/2022,,,,,,9432,65450,,7,793189,493899,,
16/07/2022,,,,,,9433,65580,,4,794811,496039,,
17/07/2022,,,,,,9437,65702,,5,796285,498051,,
18/07/2022,,,,,,9440,65794,,4,797687,500085,,
19/07/2022,,,,,,9444,65927,,7,799128,501900,,
20/07/2022,,,,,,9445,66051,,5,800794,504039,,
21/07/2022,,,,,,9448,66187,,5,802577,506631,,
22/07/2022,,,,,,9454,66336,,2,804258,509220,,
23/07/2022,,,,,,9461,66506,,5,805840,511903,,
24/07/2022,,,,,,9469,66625,,3,807572,514421,,
25/07/2022,,,,,,9472,66748,,2,809214,516909,,
26/07/2022,,,,,,9478,66894,,7,811091,519308,,
27/07/2022,,,,,,9488,67090,,8,813057,521850,,
28/07/2022,,,,,,9493,67090,,6,815065,524728,,
29/07/2022,,,,,,9498,67427,,10,816977,527700,,
30/07/2022,,,,,,9502,67573,,9,818703,530657,,
31/07/2022,,,,,,9503,67730,,12,820453,533541,,
01/08/2022,,,,,,9509,67853,,11,822152,536096,,
02/08/2022,,,,,,9520,68002,,6,823801,538570,,
03/08/2022,,,,,,9524,68188,,6,825717,541201,,
04/08/2022,,,,,,9527,68399,,7,827651,544287,,
05/08/2022,,,,,,9531,68618,,8,829251,547115,,
06/08/2022,,,,,,9535,68847,,7,830966,550002,,
07/08/2022,,,,,,9540,69018,,7,832590,552652,,
08/08/2022,,,,,,9547,69145,,7,834224,555058,,
09/08/2022,,,,,,9550,69309,,8,835893,557434,,
10/08/2022,,,,,,9554,69555,,6,837821,560099,,
11/08/2022,,,,,,9555,69755,,7,839290,563006,,
12/08/2022,,,,,,9559,69952,,9,840746,565989,,
13/08/2022,,,,,,9562,70148,,11,842717,569326,,
14/08/2022,,,,,,9565,70301,,10,844446,572576,,
15/08/2022,,,,,,9569,70439,,9,846205,575713,,
16/08/2022,,,,,,9580,70639,,9,848185,578895,,
17/08/2022,,,,,,9584,70870,,10,850525,582312,,
18/08/2022,,,,,,9589,71144,,9,852921,585970,,
19/08/2022,,,,,,9597,71414,,10,855243,590093,,
20/08/2022,,,,,,9602,71684,,12,857485,594240,,
21/08/2022,,,,,,9605,71914,,11,859920,598318,,
22/08/2022,,,,,,9610,72109,,11,862359,602496,,
23/08/2022,,,,,,9620,72376,,11,864771,606738,,
24/08/2022,,,,,,9634,72675,,9,867886,611507,,
25/08/2022,,,,,,9643,72972,,12,871104,616868,,
26/08/2022,,,,,,9650,73227,,13,873450,622357,,
27/08/2022,,,,,,9654,73533,,12,875476,628788,,
28/08/2022,,,,,,9664,73831,,13,878592,635380,,
29/08/2022,,,,,,9668,74073,,17,881327,641133,,
30/08/2022,,,,,,9681,74418,,13,884194,647114,,
31/08/2022,,,,,,9690,74764,,15,887441,653362,,
01/09/2022,,,,,,9701,75094,,14,890747,660642,,
02/09/2022,,,,,,9709,75412,,13,893732,667558,,
03/09/2022,,,,,,9716,75770,,16,896964,674752,,
04/09/2022,,,,,,9724,76096,,18,900065,682334,,
05/09/2022,,,,,,9732,76361,,16,902881,689539,,
06/09/2022,,,,,,9741,76740,,14,905468,696325,,
07/09/2022,,,,,,9757,77156,,15,908530,703457,,
08/09/2022,,,,,,9769,77564,,14,911522,711556,,
09/09/2022,,,,,,9780,77921,,15,914287,718867,,
10/09/2022,,,,,,9788,78329,,16,916726,726215,,
11/09/2022,,,,,,9799,78675,,12,919076,732898,,
12/09/2022,,,,,,9810,78913,,14,921097,738815,,
13/09/2022,,,,,,9820,79100,,13,923168,743962,,
14/09/2022,,,,,,9830,79426,,13,925447,749262,,
15/09/2022,,,,,,9836,79828,,10,927918,754978,,
16/09/2022,,,,,,9852,80219,,14,930228,761667,,
17/09/2022,,,,,,9868,80579,,16,932228,767945,,
18/09/2022,,,,,,9891,80922,,16,934102,773393,,
19/09/2022,,,,,,9901,81135,,17,935735,778020,,
20/09/2022,,,,,,9908,81491,,20,937202,782147,,
21/09/2022,,,,,,9917,81888,,18,938909,786127,,
22/09/2022,,,,,,9934,82270,,20,940524,790502,,
23/09/2022,,,,,,10099,82583,,15,941981,794432,,
24/09/2022,,,,,,10106,83269,,14,943292,798311,,
25/09/2022,,,,,,10116,83531,,13,944483,801017,,
26/09/2022,,,,,,10128,83716,,15,945643,803891,,
27/09/2022,,,,,,10134,83950,,13,946753,806448,,
28/09/2022,,,,,,10148,84270,,12,948039,809073,,
29/09/2022,,,,,,10153,84533,,8,949293,812088,,
30/09/2022,,,,,,10161,84783,,7,950520,814884,,
01/10/2022,,,,,,10167,85125,,11,951643,817668,,
02/10/2022,,,,,,10173,85350,,12,952712,820168,,
03/10/2022,,,,,,10176,85457,,11,953883,822526,,
04/10/2022,,,,,,10184,85660,,11,955015,824680,,
05/10/2022,,,,,,10194,85835,,13,956405,826932,,
06/10/2022,,,,,,10200,86038,,15,957785,829870,,
07/10/2022,,,,,,10202,86289,,12,959183,832841,,
08/10/2022,,,,,,10215,86548,,9,960560,836364,,
09/10/2022,,,,,,10218,86762,,14,962056,839758,,
10/10/2022,,,,,,10228,86886,,15,963585,843103,,
11/10/2022,,,,,,10237,87085,,13,964934,846410,,
12/10/2022,,,,,,10246,87346,,12,966653,849479,,
13/10/2022,,,,,,10254,87575,,9,968281,853473,,
14/10/2022,,,,,,10261,87818,,5,969842,857018,,
15/10/2022,,,,,,10268,88052,,8,971440,860844,,
16/10/2022,,,,,,10273,88253,,8,973243,864605,,
17/10/2022,,,,,,10278,88419,,11,974954,868255,,
18/10/2022,,,,,,10285,88586,,8,976445,871718,,
19/10/2022,,,,,,10297,88853,,6,978066,875221,,
20/10/2022,,,,,,10306,89104,,8,979292,879428,,
21/10/2022,,,,,,10315,89323,,9,980807,883306,,
22/10/2022,,,,,,10322,89549,,10,982777,887289,,
23/10/2022,,,,,,10326,89766,,10,984476,891125,,
24/10/2022,,,,,,10333,89914,,11,986205,894802,,
25/10/2022,,,,,,10343,90145,,9,987799,898429,,
26/10/2022,,,,,,10350,90420,,10,989670,901961,,
27/10/2022,,,,,,10358,90642,,7,991501,906192,,
28/10/2022,,,,,,10365,90878,,8,993352,909997,,
29/10/2022,,,,,,10373,91110,,10,994925,913807,,
30/10/2022,,,,,,10385,91317,,9,996631,917311,,
31/10/2022,,,,,,10397,91466,,9,998199,920509,,
01/11/2022,,,,,,10410,91683,,12,999663,923463,,
02/11/2022,,,,,,10418,91935,,13,1001288,926547,,
03/11/2022,,,,,,10428,92073,,14,1002718,930362,,
04/11/2022,,,,,,10439,92378,,12,1003633,933963,,
05/11/2022,,,,,,10457,92616,,9,1005289,937418,,
06/11/2022,,,,,,10470,92863,,10,1006655,941040,,
07/11/2022,,,,,,10475,92978,,11,1008242,944651,,
08/11/2022,,,,,,10479,93192,,9,1009552,947990,,
09/11/2022,,,,,,10492,93420,,8,1011317,951293,,
10/11/2022,,,,,,10501,93678,,10,1012934,955373,,
11/11/2022,,,,,,10511,93913,,9,1014491,959415,,
12/11/2022,,,,,,10517,94206,,8,1016119,963510,,
13/11/2022,,,,,,10526,94427,,9,1017922,968282,,
14/11/2022,,,,,,10536,94579,,11,1019661,972557,,
15/11/2022,,,,,,10549,94803,,9,1021357,976812,,
16/11/2022,,,,,,10557,95095,,10,1023460,981365,,
17/11/2022,,,,,,10569,95361,,9,1025654,987223,,
18/11/2022,,,,,,10577,95637,,9,1027714,993171,,
19/11/2022,,,,,,10586,95923,,12,1029614,999331,,
20/11/2022,,,,,,10599,96218,,12,1031615,1005066,,
21/11/2022,,,,,,10610,96407,,13,1033570,1010397,,
22/11/2022,,,,,,10623,96701,,11,1035640,1015466,,
23/11/2022,,,,,,10634,97012,,10,1038009,1021082,,
24/11/2022,,,,,,10647,97338,,10,1040388,1027922,,
25/11/2022,,,,,,10663,97639,,13,1042539,1034649,,
26/11/2022,,,,,,10672,97988,,15,1044576,1041486,,
27/11/2022,,,,,,10692,98227,,16,1046573,1047522,,
28/11/2022,,,,,,10718,98471,,16,1048602,1053286,,
29/11/2022,,,,,,10731,98738,,14,1050699,1058736,,
30/11/2022,,,,,,10747,99099,,15,1053254,1064991,,
01/12/2022,,,,,,10762,99432,,18,1055730,1072652,,
02/12/2022,,,,,,10773,99728,,13,1058215,1080163,,
03/12/2022,,,,,,10790,99991,,15,1060540,1087949,,
04/12/2022,,,,,,10806,100251,,20,1063100,1094876,,
05/12/2022,,,,,,10826,,,21,1065656,1101828,,
06/12/2022,,,,,,10842,,,21,1068663,1108773,,
07/12/2022,,,,,,10864,,,21,1072500,1116917,,
08/12/2022,,,,,,10891,,,20,1076153,1127637,,
09/12/2022,,,,,,10914,,,21,1079682,1138032,,
10/12/2022,,,,,,10935,,,26,1083312,1148779,,
11/12/2022,,,,,,10959,,,29,1086852,1160157,,
12/12/2022,,,,,,10984,,,27,1090196,1171530,,
13/12/2022,,,,,,11021,,,28,1093439,1182008,,
14/12/2022,,,,,,11056,,,33,1097451,1192866,,
15/12/2022,,,,,,11075,,,31,1101159,1206238,,
16/12/2022,,,,,,11107,,,35,1104739,1218384,,
17/12/2022,,,,,,11131,,,33,1108246,1230651,,
18/12/2022,,,,,,11171,,,38,1112026,1242894,,
19/12/2022,,,,,,11210,,,41,1115397,1254906,,
20/12/2022,,,,,,11243,,,37,1118861,1266424,,
21/12/2022,,,,,,11293,,,35,1123458,1278780,,
22/12/2022,,,,,,11327,,,39,1128235,1293708,,
23/12/2022,,,,,,11373,,,45,1133482,1308713,,
24/12/2022,,,,,,11412,,,45,1138394,1325163,,
25/12/2022,,,,,,11462,,,46,1143107,1341705,,
26/12/2022,,,,,,11509,,,46,1147432,1356778,,
27/12/2022,,,,,,11562,,,47,1152080,1370756,,
28/12/2022,,,,,,11621,,,49,1157181,1386520,,
29/12/2022,,,,,,11683,,,50,1162658,1405938,,
30/12/2022,,,,,,11755,,,55,1168276,1428150,,
31/12/2022,,,,,,11807,,,53,1172669,1452964,,
01/01/2023,,,,,,11869,,,55,1176351,1472643,,
02/01/2023,,,,,,11943,,,55,1179141,1490083,,
03/01/2023,,,,,,12018,,,50,1181568,1503842,,
04/01/2023,,,,,,12081,,,49,1184735,1517098,,
05/01/2023,,,,,,12149,,,47,1187831,1532424,,
06/01/2023,,,,,,12204,,,54,1190532,1549445,,
07/01/2023,,,,,,12276,,,56,1192858,1562969,,
08/01/2023,,,,,,12342,,,55,1195284,1574656,,
09/01/2023,,,,,,12406,,,54,1197341,1584240,,
10/01/2023,,,,,,12481,,,47,1199088,1591872,,
11/01/2023,,,,,,12548,,,51,1200940,1599299,,
12/01/2023,,,,,,12622,,,51,1202563,1606884,,
13/01/2023,,,,,,12693,,,52,1203925,1613782,,
14/01/2023,,,,,,12747,,,52,1205335,1620121,,
15/01/2023,,,,,,12813,,,49,1206536,1625181,,
16/01/2023,,,,,,12863,,,42,1207573,1628797,,
17/01/2023,,,,,,12909,,,41,1208434,1631779,,
18/01/2023,,,,,,12965,,,36,1209351,1634655,,
19/01/2023,,,,,,13010,,,33,1210194,1637827,,
20/01/2023,,,,,,13052,,,26,1211031,1640779,,
21/01/2023,,,,,,13081,,,27,1211788,1643529,,
22/01/2023,,,,,,13118,,,27,1212431,1645623,,
23/01/2023,,,,,,13167,,,25,1212926,1647399,,
24/01/2023,,,,,,13203,,,25,1213386,1648926,,
25/01/2023,,,,,,13230,,,28,1213871,1650736,,
26/01/2023,,,,,,13258,,,26,1214242,1652766,,
27/01/2023,,,,,,13280,,,25,1214697,1654646,,
28/01/2023,,,,,,13313,,,28,1215195,1657628,,
29/01/2023,,,,,,13333,,,28,1215651,1660455,,
30/01/2023,,,,,,,,,,,,358,5
31/01/2023,,,,,,,,,,,,361,15
01/02/2023,,,,,,,,,,,,455,5
02/02/2023,,,,,,,,,,,,444,12
03/02/2023,,,,,,,,,,,,471,4
04/02/2023,,,,,,,,,,,,469,7
05/02/2023,,,,,,,,,,,,400,7
06/02/2023,,,,,,,,,,,,291,5
07/02/2023,,,,,,,,,,,,284,8
08/02/2023,,,,,,,,,,,,322,2
09/02/2023,,,,,,,,,,,,307,6
10/02/2023,,,,,,,,,,,,250,5
11/02/2023,,,,,,,,,,,,266,4
12/02/2023,,,,,,,,,,,,241,2
13/02/2023,,,,,,,,,,,,167,4
14/02/2023,,,,,,,,,,,,197,3
15/02/2023,,,,,,,,,,,,216,4
16/02/2023,,,,,,,,,,,,196,2
17/02/2023,,,,,,,,,,,,164,2
18/02/2023,,,,,,,,,,,,181,5
19/02/2023,,,,,,,,,,,,142,2
20/02/2023,,,,,,,,,,,,134,3
21/02/2023,,,,,,,,,,,,131,2
22/02/2023,,,,,,,,,,,,129,0
23/02/2023,,,,,,,,,,,,140,0
24/02/2023,,,,,,,,,,,,114,2
25/02/2023,,,,,,,,,,,,119,2
26/02/2023,,,,,,,,,,,,102,2
27/02/2023,,,,,,,,,,,,93,0
28/02/2023,,,,,,,,,,,,96,6
01/03/2023,,,,,,,,,,,,107,3
02/03/2023,,,,,,,,,,,,75,0
03/03/2023,,,,,,,,,,,,55,1
04/03/2023,,,,,,,,,,,,42,1
05/03/2023,,,,,,,,,,,,45,1
06/03/2023,,,,,,,,,,,,45,1
07/03/2023,,,,,,,,,,,,47,0
08/03/2023,,,,,,,,,,,,39,0
09/03/2023,,,,,,,,,,,,50,1
10/03/2023,,,,,,,,,,,,36,0
11/03/2023,,,,,,,,,,,,49,1
12/03/2023,,,,,,,,,,,,31,2
13/03/2023,,,,,,,,,,,,32,1
14/03/2023,,,,,,,,,,,,51,0
15/03/2023,,,,,,,,,,,,49,1
16/03/2023,,,,,,,,,,,,32,0
17/03/2023,,,,,,,,,,,,41,0
18/03/2023,,,,,,,,,,,,37,0
19/03/2023,,,,,,,,,,,,49,0
20/03/2023,,,,,,,,,,,,40,0
21/03/2023,,,,,,,,,,,,34,1
22/03/2023,,,,,,,,,,,,37,0
23/03/2023,,,,,,,,,,,,53,0
24/03/2023,,,,,,,,,,,,25,1
25/03/2023,,,,,,,,,,,,36,0
26/03/2023,,,,,,,,,,,,37,0
27/03/2023,,,,,,,,,,,,39,1
28/03/2023,,,,,,,,,,,,51,0
29/03/2023,,,,,,,,,,,,67,1
30/03/2023,,,,,,,,,,,,61,0
31/03/2023,,,,,,,,,,,,87,0
01/04/2023,,,,,,,,,,,,65,1
02/04/2023,,,,,,,,,,,,73,0
03/04/2023,,,,,,,,,,,,79,0
04/04/2023,,,,,,,,,,,,105,0
05/04/2023,,,,,,,,,,,,99,5
06/04/2023,,,,,,,,,,,,82,1
07/04/2023,,,,,,,,,,,,98,0
08/04/2023,,,,,,,,,,,,91,0
09/04/2023,,,,,,,,,,,,112,2
10/04/2023,,,,,,,,,,,,95,1
11/04/2023,,,,,,,,,,,,125,1
12/04/2023,,,,,,,,,,,,178,1
13/04/2023,,,,,,,,,,,,196,1
14/04/2023,,,,,,,,,,,,203,0
15/04/2023,,,,,,,,,,,,207,1
16/04/2023,,,,,,,,,,,,232,2
17/04/2023,,,,,,,,,,,,196,3
18/04/2023,,,,,,,,,,,,218,1
19/04/2023,,,,,,,,,,,,234,1
20/04/2023,,,,,,,,,,,,227,1
21/04/2023,,,,,,,,,,,,234,3
22/04/2023,,,,,,,,,,,,274,1
23/04/2023,,,,,,,,,,,,286,1
24/04/2023,,,,,,,,,,,,259,11
25/04/2023,,,,,,,,,,,,336,3
26/04/2023,,,,,,,,,,,,371,3
27/04/2023,,,,,,,,,,,,389,3
28/04/2023,,,,,,,,,,,,377,5
29/04/2023,,,,,,,,,,,,382,10
30/04/2023,,,,,,,,,,,,406,3
01/05/2023,,,,,,,,,,,,332,2
02/05/2023,,,,,,,,,,,,387,2
03/05/2023,,,,,,,,,,,,434,12
04/05/2023,,,,,,,,,,,,461,7
05/05/2023,,,,,,,,,,,,476,12
06/05/2023,,,,,,,,,,,,431,8
07/05/2023,,,,,,,,,,,,518,11
08/05/2023,,,,,,,,,,,,413,2
09/05/2023,,,,,,,,,,,,488,9
10/05/2023,,,,,,,,,,,,583,10
11/05/2023,,,,,,,,,,,,556,12
12/05/2023,,,,,,,,,,,,522,11
13/05/2023,,,,,,,,,,,,541,9
14/05/2023,,,,,,,,,,,,454,5
15/05/2023,,,,,,,,,,,,453,5
16/05/2023,,,,,,,,,,,,484,9
17/05/2023,,,,,,,,,,,,472,14
18/05/2023,,,,,,,,,,,,469,12
19/05/2023,,,,,,,,,,,,536,10
20/05/2023,,,,,,,,,,,,532,12
21/05/2023,,,,,,,,,,,,471,9
22/05/2023,,,,,,,,,,,,467,10
23/05/2023,,,,,,,,,,,,554,13
24/05/2023,,,,,,,,,,,,521,15
25/05/2023,,,,,,,,,,,,545,8
26/05/2023,,,,,,,,,,,,481,14
27/05/2023,,,,,,,,,,,,459,14
28/05/2023,,,,,,,,,,,,471,17
29/05/2023,,,,,,,,,,,,421,10
